﻿{"cameraMode":{"drawMode":0,"name":"Shaded","section":"Shading Mode"},"sceneLighting":true,"audioPlay":false,"sceneViewState":{"showFog":true,"showMaterialUpdate":true,"showSkybox":true,"showFlares":true,"showImageEffects":true,"showParticleSystems":true},"in2DMode":false,"pivot":{"x":-964.954833984375,"y":-270.1488952636719,"z":-244.0345458984375},"rotation":{"x":-0.534713625907898,"y":-0.32713231444358828,"z":0.2355242222547531,"w":-0.7426939010620117},"size":291.7624206542969,"orthographic":false}