﻿{"cameraMode":{"drawMode":0,"name":"Shaded","section":"Shading Mode"},"sceneLighting":true,"audioPlay":false,"sceneViewState":{"showFog":true,"showMaterialUpdate":true,"showSkybox":true,"showFlares":true,"showImageEffects":true,"showParticleSystems":true},"in2DMode":false,"pivot":{"x":-887.6784057617188,"y":-223.47509765625,"z":-225.17958068847657},"rotation":{"x":-0.534713625907898,"y":-0.32713231444358828,"z":0.2355242222547531,"w":-0.7426939010620117},"size":1102.7161865234375,"orthographic":false}